0.9107296532439504,-1.119422156078207,0
-0.7622257123489251,-2.1785927900054944,0
-0.07052816254787451,-2.6152394415202718,0
-0.3285378127946537,-2.5023738105558775,0
0.30192897517679745,-1.8608221969142815,0
-0.16900380264088416,-1.8840916148107587,0
2.0354073076431383,-1.5043832697719839,0
-1.4190766110886583,-2.351074559220771,0
-1.083997824195813,-0.936589512587634,0
1.4792671818503322,-1.4707566394754026,0
0.6207384575927957,-2.362930370641578,0
0.4431002250680524,-2.593560846427359,0
-0.046940187465844115,-0.8838230051859899,0
-0.415043147078483,-2.153590730758491,0
0.1738418491032411,-2.1773033013878726,0
2.295916682073551,-0.7516151280126637,0
-0.8277348084376812,-1.798321023854598,0
1.0240700494308643,-1.9943899439081938,0
-0.3384490967557117,-2.8388018262629435,0
1.0805560517456878,-3.103444366793159,0
-0.5789722237333746,-2.255152636766289,1
-0.694250210592139,0.08802235539905956,1
0.37234280585144663,-1.7143222763907302,1
0.7249442981978794,-3.497769637758356,1
0.9671970536591101,-0.5108252892048621,1
-1.0343897915537827,-2.8392194513995124,1
0.21478338979750836,-1.2583654337815586,1
-0.4405666698684003,-1.8199633449731016,1
-0.7416358044905794,-2.07451504199446,1
-1.262033208988868,-1.7321017695611751,1
1.5045720546557593,-1.0326641442058127,1
-1.2973185422542985,-1.6052754050552043,1
0.6285659651139942,-1.8691387983822692,1
-0.7313618922734075,-1.9479583780714003,1
-0.5661051837773547,-2.605101535841924,1
-1.7969421625683657,-0.6424112810258422,1
0.2301187209612118,-3.717584740565302,1
-0.43878221479514523,-2.086140143994353,1
-0.6539387809521684,-0.678147671361883,1
1.0613531751449368,-0.41635212458407245,1
-0.9113208874904142,-1.215165038026553,2
-0.9287376100939119,-3.875038286867103,2
1.0696271051200268,-1.6546984400135525,2
-0.3968855082212442,-1.4103591134195759,2
-0.3074273871051938,-1.631170176146422,2
-1.3564828083014422,-3.860216956049329,2
-0.1812247659594886,-0.6988837054974679,2
0.977867980866332,-1.2412599361971983,2
1.9087115118853832,-1.374289635461576,2
-0.1565900753031099,-1.558942889676787,2
0.42293105188155844,0.2647695281016247,2
2.0888912710665535,-2.80382892125971,2
-0.8628160583477725,-1.3411854337614544,2
0.16457806523884544,-1.0176479511195509,2
0.18892956056677906,-1.5151340907208766,2
-1.2567918279409014,-0.9098918942652936,2
0.6827813079218416,0.2123055603356223,2
-1.779275658901755,-3.182407262482788,2
-0.2596138005249529,0.37195027754956933,2
1.0322053135935998,-3.017075533214281,2
-1.38456399804368,-2.6147984842617835,3
0.7595564725025987,-2.6151269365503063,3
-0.9462006525460787,-2.4506558788198687,3
-0.958575066208154,-1.964658265670523,3
0.4289942149379428,-1.0085616323792825,3
-0.5026365952763936,-1.6801424853962008,3
-1.2478990407748969,-2.672782925409572,3
-0.9855468674717662,-2.8979397823471387,3
-0.6364803155838656,-2.1271020700516083,3
2.009528646407017,-3.0166133740503356,3
-0.37837177445380693,-2.177753314991873,3
-0.5315832138444861,-3.1435962102721895,3
-1.0318138162593655,-1.3549891959548743,3
0.17819511313938324,-3.228479868457396,3
0.22748261777540674,-2.039822328053062,3
0.3268089516955835,-3.153368181944691,3
0.7367181998260173,-2.976848514560195,3
-0.7351257851647607,-1.9489060274892411,3
0.3400639552382379,-2.337576001964946,3
-1.01089367963826,-2.0029460331439255,3
0.4399062832683024,-0.535979542324637,4
-0.44413036675880757,0.32738605720409186,4
-1.1723316953267402,-0.3821421071334956,4
-0.09796466872304038,-1.6558946712133298,4
-0.09756739093225875,-2.3998987772909945,4
-1.5525661377612021,-1.5649666454045101,4
-0.22953214523418536,-1.7209883804461144,4
0.4508249941181165,-2.2528555926561586,4
0.7348135707946141,-2.377811924150098,4
-1.539207979088269,-2.52861180344703,4
-1.4483373004869997,-2.717428371869374,4
0.5427783167246961,0.23688547013551098,4
0.7175907566542138,-2.1439176878427153,4
-0.14521448668784986,-3.0233752828481384,4
-1.3699499540582876,-0.6285932988216258,4
0.49905360642258645,-2.1294252367216577,4
1.7769751289500757,-1.7160159170306652,4
-0.9490237019896937,-2.9883488440153263,4
-0.7371182343021498,-2.3828184797320664,4
0.3051675660023656,-2.058407622723849,4
-0.2221774126256652,-1.8444999099439692,5
-2.698105068539404,-1.8189862034782844,5
0.24241173861342857,-1.2359493205266276,5
0.28436328536020083,-3.187242222500668,5
-1.8880559322165391,-2.2292187957200538,5
-1.386396342029924,-2.8930437882849223,5
0.05711128949271971,-1.402066299280171,5
-0.2929423838289691,-3.213511401222311,5
0.347374306004699,-2.744651558656126,5
-0.9507916132633618,-2.9766010641681997,5
1.1006465094593771,-1.0812663821772794,5
0.08094316031092064,0.20354438460578783,5
-2.1624187177257372,-1.728223575149027,5
1.0901749142575965,-1.1079813061804842,5
-1.7217668541576,-2.457067509603805,5
-0.04130614217431616,0.7595063694493243,5
-0.7870881831471042,-3.4357508590525767,5
-1.1229576828412986,-0.13722882295438832,5
0.8185650467907147,0.03187773070568212,5
-0.7541585027087767,-2.8733630254561584,5
0.3015317714256066,-1.5734218897219656,6
1.3507123064606859,-1.6734126882996068,6
-0.34148880969228024,-2.1322653787331043,6
-1.2576794697419091,-2.6430309925175948,6
-0.5474293755468325,-0.4205302498229153,6
-1.8567450337062725,-2.5692132816752435,6
2.0125017141207397,-0.2123078711880073,6
0.4299187249726707,-3.7259307877890215,6
-1.8555106063867393,-0.9173643117918349,6
0.19847898742137027,-2.5432934771022206,6
-2.476100611668832,-2.102962706458888,6
0.128034027209865,-2.6156065296455435,6
-0.9084743496105667,-2.489906215297745,6
0.7579367053259961,-1.6525211466094534,6
-1.9687697831588005,-2.390509149463259,6
-1.665858488114099,-1.2639194182140385,6
-0.20351432780495715,-2.322520680865827,6
0.027059202563657125,-2.0543232368377877,6
-2.5286101188747527,-2.157409208280084,6
-1.597589282147689,-1.1986170503800302,6
-1.5898024896039875,-0.9945527477302619,7
1.5571023140805207,-2.854545104278352,7
0.9110954811914486,-4.0201505528183725,7
-1.5313830797751804,-2.852012259223394,7
-1.7307538701344405,-2.2104429527346534,7
0.2621013220699048,-1.6105460936935312,7
-1.617294940629096,-1.9883751120849162,7
-1.313035343255064,-2.096493563430162,7
-2.685641268819168,-2.9304283622882217,7
-1.4309181654552405,-1.0670141875899541,7
0.23643935874008892,-1.7736296697811553,7
-1.7794701788994636,-0.7359888661992606,7
-0.06796689452300553,-2.364108163866212,7
-0.6351303175955412,-1.774290409988674,7
-1.0157382178973475,-1.1073089944334065,7
-0.9880795864112992,-2.0835046021837673,7
-1.0135852223429413,-0.988914597480795,7
-1.9164441209867533,-3.1719996034900912,7
-1.028172023158207,-1.3321926330384382,7
-0.83214024995054,-0.7418004269166072,7
-1.512718907708129,-3.3143956150727982,8
-2.1537816969397596,-1.907757341173145,8
-1.436569265867275,-2.3273570370121535,8
-0.6327996337793563,-2.4930663619797064,8
0.13305849030088002,-1.4332338241030715,8
-1.5111206155492494,-1.8637487262386925,8
-0.49856103882469355,-0.4132806770913606,8
-1.3553667976304729,-1.5553103015374656,8
-1.8099373895316355,-1.0503786395751171,8
-0.8191784366128269,-2.0565672077621877,8
0.25096659497981944,-2.6966739258115897,8
-3.4900320813581835,-1.8247712955054758,8
-1.5214006140114922,-1.41843383116591,8
-1.3875707151792769,-1.8204656625085278,8
-1.7629284417793432,-3.09657849492703,8
-0.5237937363209727,-3.678484509512826,8
-0.8988079953873173,-2.0164674881730713,8
-0.9223132025900391,-1.6365599411274532,8
0.6627960989592787,-1.9344682380427347,8
-1.6365393971362177,-1.4931913984547833,8
-1.6568843172724472,-1.1250329803117396,9
-0.8606382296424294,-3.869761704326656,9
-0.8819914645596356,-0.5657754071654082,9
-0.7463644979384072,-0.5534443604743828,9
0.046499122086633315,-2.5027893450687926,9
-0.6222483130266688,-2.3518393558754442,9
-0.604270918456117,-2.5842286434339683,9
-3.635722737559284,-1.1525161854554815,9
-1.4664729525889266,-2.5849389632154542,9
-1.6714125161033102,-1.0219845252567155,9
0.14433998180297802,-1.6908803611099519,9
-0.9180216449020483,-1.0485250777418669,9
-2.123523484440578,0.38212058151385886,9
-0.127975939580661,-3.8959346737998324,9
-0.30192969852787543,-2.969440780098714,9
-1.6302864407878612,-1.2148262707251012,9
-1.0334964213426139,-2.4814309431782133,9
-0.9339686497929529,-1.8672879649716156,9
-1.8476476742362649,0.5065840755526243,9
-0.6298029488951319,-3.120428745210578,9
-1.999918089325287,-2.94664421595936,10
0.08466069273445354,-0.7649792401456085,10
-0.7912700547015086,0.6027297295834848,10
-1.596704157676179,-3.166871499019712,10
-0.4804991651518782,-1.7159354741992674,10
-0.6205586296492285,-0.045123595157579244,10
-2.968939913557956,-2.9943484132180296,10
-0.6993317799628866,-1.2172090306370251,10
-1.917084273450811,-0.2661977657646837,10
-0.9461771017866071,-0.9460743782178178,10
-2.0063567599441505,-1.6022172489379936,10
-1.4777366626987147,-1.7605562898297336,10
-1.5785483460276506,-0.36838767837426944,10
-1.5286141322038567,-1.9529749996221268,10
-1.0398312080507979,-0.19794947281159203,10
-0.30077020827987255,0.7738894511808452,10
-1.3802361016117202,-1.1700055809026226,10
-2.3892101050772547,-2.4656330547962186,10
0.09676513668280906,-1.4726320268471818,10
-2.5335680706143355,-3.8504982802360206,10
-1.957715977285745,-1.3259346989612144,11
-1.1307415352662993,-2.6289205354597525,11
-2.235659460485782,-0.668065178294409,11
1.272013212645172,-1.2277865342916021,11
-2.0051290773280446,-2.687670838320072,11
-1.0896151524877729,-2.286335795470684,11
-0.02003801924996007,-4.201906483059295,11
-0.6448194441227193,-0.8881613271696959,11
-2.1457043796529396,-1.8815692959607142,11
-3.515505796128301,0.5666692008810388,11
-3.0820834657441636,-3.581455057245469,11
-1.9247111259407186,-1.065378025070837,11
-1.5580567145503341,-0.9330529283206518,11
-1.3628455477400612,-3.0066542467946373,11
-1.4464337204917017,-2.5877592908859626,11
-0.5492564113675281,-1.557167972697323,11
-1.0738307492926604,-0.4878247313636923,11
-0.8658917981325883,-1.1896237795293911,11
-2.614013471584139,-1.658558671220932,11
-0.6567029351934852,-1.3492797990795107,11
-4.016702772252605,-0.10178390462545939,12
-0.9649660952058616,-1.820842629034917,12
-2.781328412820074,-1.8346863842471388,12
-2.489081279450769,-0.600832258081297,12
-1.1875515155516811,-1.0550443215066396,12
-0.7390538558570409,-2.727552296808293,12
-1.0849828009680778,-1.89019035278559,12
0.33714161947563515,-1.7954387578576463,12
-0.9461850487001499,-1.3305354093506812,12
-0.7666883404697498,-1.1703554259136493,12
-1.2810060392346536,-2.189816736611118,12
-0.2846791006699869,-1.2063605106942445,12
-0.9229752344841278,-4.226125312619101,12
-2.5472496333319476,-0.014105062178880967,12
-2.8264130689167404,0.14751808116089604,12
-2.1894022316369544,0.9449275782342688,12
1.718641179857816,-1.2268091482416643,12
-1.0972773420112065,-1.8630235193566738,12
-0.4456166889339296,-1.3568224984178734,12
-0.9772481375990156,-0.7190539977650912,12
-0.8271624370744726,1.2207697523012864,13
-0.30329435442401054,-1.1610546622155948,13
0.0021427386017804917,-0.7749839696159074,13
-0.2747034725591613,-0.7219604822080616,13
-0.18401462345240382,-2.4292778170011333,13
-2.027060985694207,0.14517290970893781,13
-1.041438638747989,-2.0691466489592534,13
-0.5236680128260559,-0.62882246875937,13
-3.113674757988905,-0.8619617543997864,13
-2.9076818220029175,-1.5948025822105827,13
-1.8520559234241627,-0.05197800335845071,13
-1.0769473989847564,-4.545669391529025,13
-3.21136382807608,-1.5902675297703561,13
-0.8685486414415969,-2.4507949836838896,13
-0.13210185752386194,-0.5164699377932692,13
-0.7966484560117153,-0.8081058916552559,13
-1.1348439473008232,-1.6945930858243752,13
-1.500669797455346,-1.226811343780917,13
-1.836938901997658,-2.035247252810613,13
-3.4976576731162328,-1.071040710629688,13
-0.8785624709276582,-0.9487467192027295,14
-1.647190498931385,-1.352473923168,14
-1.1705679839717829,-1.6609890905452753,14
-0.4536917088302921,-0.09824658762666982,14
-1.0337516404699587,-2.7975268923368075,14
-1.4889056908250144,-0.9099361412230123,14
-0.959639109150037,-2.5482371387762623,14
-2.9863106685052463,0.8784254078366496,14
-1.61627728099817,-3.15369516466788,14
-0.7379468446488185,-2.2523087445486896,14
-1.0465643089345706,-0.9331198113528107,14
-1.7294507871487415,-1.109013479751961,14
-2.5730470769020464,-2.7592659824969314,14
-2.3144503212573797,-2.0350591485843954,14
-2.0380907084665334,-1.7229965140495818,14
-1.734173802458593,-1.0251092265522022,14
-0.6830205054174594,-2.1694504161354256,14
-1.1744368191185064,0.6125164674164911,14
-1.340789160667162,-1.70659503370833,14
-1.7899360886178024,-1.1362776430622377,14
-4.382602554984276,-2.0065196419439992,15
-1.689679286145133,0.23817307102993146,15
-2.3011226088113252,-3.1509934471772043,15
-1.8617210112813218,-0.7461488206358302,15
-1.7785425677355724,-2.2294256263717793,15
-0.5988238988298047,-0.7094143614279959,15
-3.0020321468685296,-2.098056852491,15
-2.9043711280728686,-0.7288681756095409,15
-2.3336576502140343,-0.6988264830417732,15
-1.1485645309786026,-0.7072569928055598,15
-1.605130457605902,-2.0827853565296066,15
-0.9264218675860291,-0.6872238544969065,15
-1.154164898904122,0.6829898706997799,15
-1.990080812648675,-0.34649968716016066,15
-1.6412836593372622,0.003172294965073874,15
-0.1303896355837324,-2.275068937511907,15
-2.2984926711232676,-0.930983940311608,15
-2.6214284762931537,-1.556776058908797,15
-1.1137430199167517,-0.4144752902922558,15
-4.035813516224053,-3.4514683443749883,15
-2.494075178087157,-2.0052376621207397,16
-2.6226363313200425,-1.4708114002240635,16
-0.3509357892579228,-1.899130309100752,16
-0.5064669519243412,-0.5545597333792953,16
-2.138732828370959,-1.3937221890714435,16
-1.5595073983471561,-0.57015005877866,16
-1.795578166822707,-0.7889231308668833,16
-1.4069173397569394,-0.38207103851134205,16
-1.5204351108405438,-0.7042717761975918,16
-2.0610488425256808,-0.2231859284202452,16
-1.9090299487512954,-0.9204622379083406,16
-0.4523905158487378,-1.9594623494126462,16
-1.8510201786469205,0.7504912883563004,16
-2.2043206186268,-1.3068800919502361,16
-0.3929111493479547,-1.8552042062767962,16
-1.0408006386776363,-0.044502687321209544,16
1.2623006288880743,-1.7708450626131462,16
-2.1530373630689104,0.346016099390668,16
-1.7891200537981007,-1.4129183006488175,16
-2.013898990392806,-0.3957504680170527,16
-0.611060166126731,-1.821498529765494,17
-2.1630812271718027,1.674396585648453,17
-2.234607425293561,-0.9807869324345092,17
-2.938198611256958,-1.7855164390588296,17
-2.663812930004599,-0.9613731998644056,17
-1.7983045185917101,-0.5360242149718553,17
-1.284453133889223,0.32119033564736865,17
-1.174331330364084,-1.5754032977653667,17
-2.1699221648913136,-0.8746084993608847,17
-1.5611202673180578,-1.0275244406644262,17
-3.7660997513423697,0.3773321846881106,17
-3.126436994780506,-0.2168945810640469,17
-1.1685825799459586,-1.3090355112211354,17
-1.6004975672972106,-0.08546534089267432,17
-1.0478250003031495,-0.7274485797811856,17
-0.9325127222448687,-1.1952055103249752,17
-1.6165623228544121,-1.6233041491790483,17
-1.7684916855466215,-1.8372954968742667,17
-2.6203024914534185,-1.3901290821196663,17
-1.6825853733889564,0.15231285176545928,17
-3.878856306644677,-1.3388499381841716,18
-2.5169358352137525,-3.337310199089185,18
-0.2886768555187116,-1.3238265461961118,18
0.47103308290383517,-0.9346100882479458,18
-1.591231790340811,-1.15287313315965,18
-0.3773633316596532,-1.284542084775862,18
-2.9434085571786905,-1.9970076941902788,18
-1.8794694832626417,-1.4390641600570253,18
-1.4230866963442632,-3.3819131926097503,18
-2.865295647884795,-0.24825604158791315,18
-2.048057235587529,-1.0069611350593715,18
-1.4184377942416553,1.549306756438689,18
-1.4789856689404772,-0.8578775013931155,18
-3.7010414439149755,0.2704004516029346,18
-1.3323759746950223,1.2800085782834079,18
-2.136462292072135,-2.36558542503931,18
-0.49238357242819153,-1.7377224979742127,18
-0.5665382779989478,0.47617635889036136,18
-2.7409403406529487,0.39951484584670194,18
-1.66356420726097,0.44670407087786024,18
-1.229782639202066,-0.6199286634977443,19
-1.5244284766633531,0.07598215592904156,19
-1.8660535204397455,-2.989023108402124,19
-1.0341494591687328,-2.1492674175541238,19
-1.0618761750932904,0.015564376613737774,19
-1.6762885159623917,-0.7031455438598421,19
-2.7412868474827787,-1.1499781927055608,19
-1.8783589078078549,-1.3219285216645131,19
-0.4580672647866577,0.2610204341021538,19
-1.6096006932263376,-1.3317850085543683,19
-2.0777612691255083,1.3597110633698581,19
-2.145996442224569,0.7555044565739121,19
-4.494400254698566,-1.4113631574359382,19
-1.8341098553813788,-1.1038811537531044,19
-2.527734003965196,-0.7778446398273176,19
-1.5099294333183346,-0.9663868238777582,19
-0.8142487542728867,-2.5483454083575916,19
-1.410715837373409,-0.634371152172616,19
-2.652232115720417,-0.6591769833630389,19
-0.5259979900896015,-0.6411904581256338,19
-1.3056834398626886,-1.5944991778492188,20
-1.6296239675455215,-1.6675863134147282,20
-3.451605658428294,-0.6709414632390392,20
-1.1344761220589457,-1.9204924838372572,20
-1.031446974737636,0.62611927197632,20
-0.2807492644008591,-0.4331885250825634,20
-1.685884316225817,0.3774157976690029,20
-3.1178010324983374,-1.3427974969527732,20
-0.44422832953698577,0.17287326668192005,20
-1.79504919940069,-1.1937896408493014,20
-1.734492155175913,-1.783261310612557,20
-2.885094684893404,1.4253536550051447,20
-0.5778977681021988,1.143895924354361,20
-1.0784958967554799,0.053146767037969056,20
-1.2001991331135888,-0.09490406240530402,20
-2.7941531760908296,-0.3412316948752461,20
-2.3882539521287693,-2.044644039790166,20
-1.0037313936031143,0.3662118218438182,20
-1.919801220451855,-1.5152508796039057,20
-3.9096885913517836,-0.9165794751160505,20
-2.38900855652074,-0.7209891493047286,21
-1.4196807958226243,0.10157207033057813,21
-1.3489865937130683,-1.3510489178764848,21
-1.9137488306207022,0.4612955572467077,21
-2.2544051900252886,-1.2459901551934602,21
-3.8596282579684145,-1.7005958913536294,21
-1.6071783185302764,-2.904547413512531,21
-2.4882582511851887,-0.48154755819792094,21
-2.892322644252167,-1.6855863152503063,21
-0.5633454205711448,0.16610097510071475,21
-3.2321862084616044,-0.8156730620734642,21
-3.0844302134798,-0.052182186835686595,21
-1.2098099532670812,-1.5368059710167665,21
-3.863035940459964,-0.2068813133095767,21
-2.65371723418004,-0.790089174340747,21
-1.5707461362539994,-1.8117288915720724,21
-1.8728900067233927,-0.9920023841993804,21
-4.53274517333085,-1.6130253517193696,21
-2.5842896660526935,-1.1285761568314632,21
-1.571554270611559,0.08469059383102884,21
-1.8027692191724296,-0.8410916981812873,22
-2.8075190072335365,-0.8190761188607665,22
-1.778330470401298,-1.8496754631774512,22
-4.276881761599053,0.4777557988337093,22
-0.5962241883630612,-0.08944727415243275,22
-2.8766258934825464,-0.45877793357565855,22
-2.1374698710644875,-0.8203644337806631,22
-2.4873849077950414,2.4749420505266198,22
-2.0418815825850603,1.5002708367750774,22
-3.3925761926570197,-0.7228287508952114,22
-2.581803033735823,1.206752296829611,22
-2.650327723721673,-1.2972278854578039,22
-1.3888854385707754,1.2918050403794425,22
-1.5108626886718863,-1.6233080677833989,22
-3.1480812995710545,-1.288244618521058,22
-0.20418103665443832,-0.7965653382711506,22
-1.4818256091697004,1.1659476384813157,22
-4.069190740659073,-0.846286300579537,22
-1.284004655049591,-1.6219674277267009,22
-0.560392247042327,-1.4550957417526864,22
-2.10476605678402,-1.263797136306784,23
-1.7818219428661444,1.3179572882170576,23
-2.1320872215926343,-0.19916662101419622,23
-3.869893674772662,1.3180745820524677,23
-2.233651165980303,-2.0335407668053493,23
-0.5052779753760273,-0.042196669239883106,23
-1.1374048298671053,0.5911889396968328,23
-2.79558005637052,-0.12771425476143228,23
-2.0156231130115416,-0.9957896217490154,23
-3.4411666446812426,-0.8214110803356836,23
-3.2083420836117473,0.3748520303089319,23
-3.677608628141628,0.25199018102431414,23
-3.0250354243927724,-0.6671761202786755,23
-1.5365423529689046,0.2523634729034544,23
-2.18359275563915,0.2688062563005379,23
-2.9238623980373344,0.6160329673606958,23
-3.04540076301528,0.9672703528484548,23
-2.2169476844292495,0.27076661854536,23
-2.156256388431695,-0.06662282662697455,23
-1.4186515334996939,0.45401046745380036,23
-1.3364919193289273,0.18953195703943118,24
-1.2445246855201377,-0.8008627831075323,24
-1.4798219096142113,0.030928493209702562,24
-1.7487958367790455,1.8948878758418761,24
-2.874016165272167,-0.37884031176507416,24
-1.4810130262023895,0.053637282483746024,24
-1.4460691300220534,-1.082890641782941,24
-1.0826313960915999,-1.894477808702928,24
-0.7037698217718853,0.5705864812964168,24
-1.9898154945158264,1.1540609117556397,24
-2.314352451953075,-1.1269890821944966,24
-1.4453088191818317,-1.0359667943278614,24
-3.146362563345802,-1.6587893947313594,24
-2.4319502458971893,-0.9770487999504428,24
-2.323954122276188,1.126336700776351,24
-0.8578271473428645,0.03792987724245281,24
-2.2485338290044132,1.316323244865907,24
-1.6285887530656207,-1.6225005918544761,24
-0.34054643981601984,-0.5561946248814683,24
-2.9535015016436943,-1.4232046614053009,24
-1.5873607112146422,1.0062063361043112,25
-3.358673617885229,1.443774953706286,25
-2.904040953070533,-0.301573479632181,25
-2.656873715515486,1.4292164373563419,25
-4.263407302738855,0.9345217162660667,25
-1.4452009647928952,0.9467607370525047,25
-1.77495821386656,-0.9755896016890916,25
-2.613410499987873,-1.528853416225747,25
-2.9314015923843906,-0.6142194428031332,25
-3.0273813792777506,-1.373583091592528,25
-1.416034090997265,-0.6426022521236642,25
-2.0333063350572087,0.0938907179213491,25
-2.4778494815829615,-0.5338821001423112,25
-1.3861081319249013,0.9272054144583367,25
-1.743722421375299,-0.6338070909466937,25
-4.244136293658245,0.9989724493299512,25
-1.1305476201151587,0.579606077116502,25
-0.9335855007545719,-0.28356808849902304,25
-3.405593547990805,0.30049474725225095,25
-0.8480948023076269,-0.5329214294722376,25
-1.2104336055811968,-0.5083653010748055,26
-3.379756491729485,-0.7526686029325853,26
-0.7311626196315903,-1.9901697401497482,26
-1.1716862882340426,-1.1311407963262856,26
-2.636920198435102,-1.5714479250644477,26
-1.324971183068405,-0.051491947238682334,26
-2.2840857378580948,-0.2850691041362624,26
-2.677152633776673,-0.22549078644079332,26
-1.5956478535195737,0.26753359516410086,26
-2.479413766300362,0.809799547148949,26
-2.0261812198745277,-0.589675696522939,26
-2.4280158573884116,-0.5223427835288748,26
-1.0002582104406486,-0.4527360490752478,26
-1.17614341126402,0.19999915083950198,26
-2.5273693142447975,-1.603599709148943,26
-3.2588176585689466,-0.7982455653060986,26
-1.4392807986410074,-0.15366112708922045,26
-2.0139842784360966,-0.815081767904049,26
-2.5254132319899054,-0.025611794467098298,26
-2.900372437563272,0.7737090305325757,26
0.24543227415264646,-0.014300272878817355,27
-1.0607551831320632,-0.36372778280361195,27
-2.407549669285017,0.6356792341182997,27
-2.5207353591527433,1.1513263674530059,27
-0.27683692687691486,1.083580315957847,27
-1.2131700245037027,-0.0036113683116134054,27
-2.810170289016876,0.08839492526459933,27
-1.1725000377832657,0.4784578908260819,27
-0.8885243000222824,1.9364079875217197,27
-3.8054867160153147,1.257407751706709,27
0.6207299067726213,0.48551992582937353,27
-3.916373534850962,0.9656771655606335,27
-2.76537421069574,-1.7583242212028571,27
-2.619134479063489,-0.7787022286255347,27
-1.059504795801987,1.1712339800759635,27
-3.117207976228081,-0.4025588683264799,27
-3.415068614108094,-0.6069976000980416,27
-0.4281915407810788,0.2668283308294597,27
-3.124600535670715,-0.01738797852750823,27
-0.33199207504257533,-0.7937012606855025,27
-1.663189046780378,0.35003714784164924,28
-2.7656576050033044,1.6285737055644234,28
-1.2465505366144622,0.4999691858374934,28
-1.1054142000043898,2.6352294166195174,28
-0.6933849329058759,-0.2993335610316017,28
-2.6535865761763757,0.614183738055819,28
-0.8682218941831457,0.4469690898385557,28
0.24611438329364033,1.7789457812654141,28
-2.6892574058084158,0.45375278835084193,28
-2.857839617057176,0.3150602086857205,28
-2.889767307107613,0.3953119236098855,28
0.09967794056658219,0.8454448014772453,28
-1.9190413065551641,-0.5266183026380387,28
-1.0950714598918163,-0.3899253214028947,28
-2.3099956229415737,0.1693343898109623,28
-3.257966160986025,-0.33579700762830234,28
-1.8763492474657653,-0.15903885411937368,28
-3.582339857639485,0.49537136580729674,28
-2.1234434716202055,0.066972588706807,28
-1.9307385041226255,0.8441121705427777,28
-2.1924409731977414,-1.3251410264225216,29
-1.263200665681618,0.7036800564041877,29
-1.9151508913314774,0.40506926619023376,29
-1.026504958576663,-0.8233733278545603,29
-0.23592759844981726,0.2970184025726249,29
-1.6955365506608993,1.519591369795436,29
-2.6854569019571803,0.06516166785850674,29
-2.75597120103868,0.505485803783848,29
-1.6905559524782823,-0.3916482839211629,29
-1.3793887806671683,0.3622189393495546,29
0.03905889027070586,0.08976723427501732,29
-1.4781760157649482,0.5663777948141266,29
-1.314121119209893,0.24638426922281587,29
-0.21351742340185575,1.4080323900030196,29
-1.9773299294456324,0.7457306439615472,29
-1.540006577651683,-1.138081764022342,29
-2.0603425306416367,0.9259549168124885,29
-0.8814984755399549,0.10013514087821446,29
-1.564788004802681,1.2726781119628916,29
-2.0455957358674968,0.8777639771303797,29
-3.8928657815591974,-1.7769742292307693,30
-3.1897912344619086,1.36923151368031,30
-1.7524285454654014,1.0165192219469168,30
-2.4275116495521427,1.7016938514418296,30
-1.6419752270106656,2.7597879615534797,30
-2.013913707242855,1.4948554174505695,30
-2.7695425768787976,0.14938921504181485,30
-3.823568276196826,0.9224047462683767,30
-2.403365811929672,0.7656587667945186,30
-1.45479373644979,-0.2175810484992139,30
-3.2303699665575167,0.9232864235761276,30
-2.366230385792688,0.013208698806949859,30
-1.966111419700897,-0.028681351511167685,30
-2.5888637720060377,0.9570841570663824,30
-2.2804437006865523,1.495920808833794,30
-0.2013255294288434,0.27304067606205995,30
-1.0709126141157101,0.7869907599372044,30
-2.5519414632622315,0.4217274152407659,30
-1.9858970639853106,0.07051847343104356,30
-2.2716839602344203,1.535921892135482,30
-2.6921879301406686,1.202358630947784,31
-0.8021060215344051,0.682386947683708,31
-1.201598766238603,1.1764899904695203,31
-0.2840869509840809,2.0311774994567995,31
-1.813036138113776,2.830802483664018,31
-2.9830333414600023,2.4710701679137315,31
-3.652811904490876,0.7979909934999747,31
-1.9115759416041755,1.3372247829648476,31
-3.5506421184773247,1.2984660154885532,31
-1.8913028966030896,1.145133346630938,31
5.156582292245432,-1.7918578867089314,31
-0.5573917197498801,1.1497963952252563,31
1.1173666953897865,0.4492426206273291,31
2.666502137805505,0.05166644860772385,31
3.317603437485962,-1.2276450982010845,31
1.5119895574065678,0.8013861819250453,31
2.4386847367932742,-1.266844626113324,31
0.6907131849161208,-2.1180238142549133,31
2.6463583036982046,-1.5637153750456885,31
1.5628381665923323,0.04442041903021354,31
-2.5556251618157897,0.4970118908558068,32
-1.551884053577123,1.7114143167342126,32
-2.506698412066622,3.2255036759205398,32
-2.522429311295746,3.6364185733841685,32
-2.532818948479612,-0.7002359968260363,32
-1.7074219982070107,-0.33519481969828924,32
-0.8443199093870443,1.807285994109506,32
-2.0263627721504465,1.1049512311666938,32
-0.7193567902620559,0.28118632807094035,32
-2.42322864409987,0.7311035067479381,32
2.293763428065808,-0.593424067351864,32
2.451028850632732,0.2548960673290137,32
2.890807855607091,-1.2594440485717149,32
2.6157647688328907,0.3897182756327675,32
-0.27085628833800235,0.5350793994685881,32
0.538114581462791,-1.218844593085892,32
1.1626504672787519,-2.2869215586246527,32
1.7799701930835352,-0.25871126167063996,32
2.6628745769619027,0.3648254491287952,32
1.9564070864993077,-0.4667001498807587,32
-2.8827983519188676,-0.21735960791848064,33
-2.2676910702862205,2.4786346681079965,33
1.1713812155941579,2.6074816690242475,33
-0.5697118375044641,-0.39777602651385247,33
-1.0715630871061759,-0.26756490069744177,33
-2.5773337955314544,2.0894246056398287,33
-1.0765945831652564,2.678978196157279,33
-2.853999445845629,-1.5156604743567699,33
-0.564221826766383,0.9375989974295315,33
-2.3040351952964686,1.2539527702049307,33
1.5622832593085563,-0.18848814056870267,33
1.6488750886054866,-0.696242574628582,33
0.6403802605541458,-1.096722477221589,33
1.652258102644562,0.7657953648231005,33
1.7964186497782808,-1.0142816986348429,33
1.5767680917111364,-1.842378799031384,33
2.947152941806995,-2.1817234515653507,33
1.0863513286597615,-0.5933835432209668,33
2.7670317025847595,-1.1709507049841819,33
1.7499458012139812,-1.6392481338950904,33
0.7067492491598262,2.048462611543569,34
-1.5870475598432459,0.06186771008332825,34
-2.6291337593284227,-0.45210226332445447,34
-2.5162967108890206,1.0545969861285376,34
-1.6374841668580333,0.403139100511857,34
-2.7372304107609984,2.752878555919881,34
0.5349415691306965,0.3586783072347215,34
-2.1178576932104765,0.5000932006202978,34
-1.809425472645407,-0.11067610576008824,34
-1.1812299198745624,1.0480859800935658,34
2.3924193671674883,0.9009632971723025,34
1.5953835940886687,-2.15277597498146,34
1.486218840601339,-0.17982113338023065,34
2.796927063949596,-1.0785530316125818,34
2.3786947185951193,-0.2121340810473542,34
1.5726677392547657,-0.2766913002081681,34
2.2135381838472568,-1.6056146792507435,34
0.7227136265170057,-1.1746491784280002,34
2.485415660199527,-2.5711765702426495,34
1.651373482522689,-1.8191323356884108,34
-0.4760870917229745,2.7435241321374644,35
-2.1294169890288224,0.14511457269436012,35
-0.26705885192558676,1.2832827871070391,35
-2.775418338230815,1.2010835229643693,35
-2.3671859083567397,-0.5907229968343055,35
-2.3622947419487406,0.32498061366589226,35
-0.2933835038317698,2.5935175330478977,35
-0.39243244666917754,1.2369408513241487,35
-1.5952616697640591,0.1299306871619308,35
-2.3257148477901417,0.5142688217602017,35
-0.1520337683395374,-2.86729705915036,35
3.0465570395833295,-0.047827960833486616,35
2.646312496698836,-0.4614018867865196,35
1.1817499616360576,-1.686579944737347,35
0.7488564948142348,-1.2763371244807034,35
1.0227445314863486,-0.8191034991550477,35
1.9286534554686101,-2.4616205061970065,35
3.6034861150474353,-3.012241706890096,35
1.3769715499181872,0.2744399832663682,35
2.6655906607823203,-2.2612073698587842,35
-2.483034908004233,3.711329623030177,36
-2.4802814274039724,0.8898442985028903,36
-0.7093144192126872,1.4485463139245245,36
-1.9030960887750594,1.46054654521516,36
-2.3644449443609723,2.026473731139711,36
-1.4404133063693427,0.41075444877657763,36
-1.128010006329262,0.5440396876423509,36
-3.415777137360359,0.3468067526871883,36
-0.770634974833155,0.5039997247288724,36
-2.0603623206541735,-0.3250541075091804,36
2.4012165176519176,-0.8317542435319569,36
0.3327045950037246,-1.1628539264517486,36
2.464938393870362,-0.19543188415599322,36
2.81048844529367,-1.155137088680781,36
1.5318518417346938,-2.014138555219096,36
1.6521211748384856,-0.04325111058930764,36
0.35359071805966047,-0.25417830563694865,36
1.0041926679234283,1.0733429836038437,36
2.1509640119737234,-1.4495619112579352,36
2.4715558457425475,-0.7526076397741212,36
-2.427333231210905,0.7962843354439395,37
-2.778603490008705,1.5264823449566065,37
-1.691011099830088,0.7506426881157645,37
-0.0740917136689927,0.7964205315728704,37
-0.766807242030128,1.747810602353832,37
-0.9604383550763715,1.7150446079641841,37
-0.7132997393398679,1.2044414756070656,37
-1.5085814986864299,1.7747515277927786,37
0.3259854921821619,0.6319367744444568,37
-2.7898868297492294,0.957961112982887,37
2.0171411604785288,-1.0082049706422722,37
2.4946618486377776,0.23797794411692186,37
2.5816168736011207,-2.163283887138754,37
2.3221196370438264,-1.634099272116054,37
3.1217204936453165,-1.491608885102599,37
-0.37309110968580095,-1.2247383123581073,37
2.6202442414361675,-0.9172763572185938,37
3.2122851742346503,-1.9082818274592108,37
1.192038177488519,-1.3289164852810094,37
2.2539711148321055,-0.6347330521227649,37
-2.4735327619932037,3.060029367455955,38
-0.3332603954685247,0.6979660039315092,38
-1.9657503335736353,3.58975188063925,38
-1.2481841482752765,-0.8605196511416013,38
-1.8212729514568125,1.1272825447097579,38
-1.6685271191898707,3.3233571035758116,38
0.9892415022993943,2.264215205077145,38
-1.0276787000405756,1.274100736180155,38
-1.767241041909505,1.9765718358705053,38
-3.449062020362415,0.9189027164745128,38
1.681390087154483,-1.6823470338669213,38
2.0146491325253466,-1.9966252349689964,38
1.061628519404541,-3.3453684780865576,38
1.0367271297268412,-1.7040113342054413,38
-0.3307693369688609,-2.8072001841411147,38
1.5565591689108982,0.9327773279481375,38
1.375995841163191,-1.2124901628022078,38
2.683288706889641,-0.45427658895700196,38
-0.08448832592890732,-1.3598962589234778,38
-0.22022742733854495,-1.824907752886643,38
-0.6893634244217743,2.1219684731011785,39
-1.012869416813199,0.85560018886394,39
-1.201766194583607,3.0443452019986292,39
-0.722418751620687,0.6811299734861324,39
-1.7430880447750543,0.4510166915120326,39
0.6333630687066925,0.1282661733133852,39
-0.48173964981388717,1.5740436773287518,39
-0.47209188496242027,1.0981755298689717,39
-1.6066407295289196,2.615542543406999,39
0.5067834430039515,2.0193205307169158,39
0.6957198233318515,-3.087396004782013,39
1.9509490200400736,-1.9246930683000198,39
1.5068901185274939,-0.7409218885426229,39
0.9529284209706492,-0.5461996111705065,39
2.4682126064481302,-1.188812831312887,39
1.055705991173164,-5.060920557951794,39
-0.5425421561437824,-0.2450125276936128,39
2.0229525274443687,-3.6550352089712144,39
1.256514000902696,-0.49231568145181037,39
1.7618091674106924,-2.677160833864415,39
-2.0234081709532843,1.69242051426069,40
-3.7170964464033895,1.421006629372681,40
-0.9575411089622469,2.04534396116364,40
-1.5563858710637624,2.6888768158875287,40
-1.0952591946376289,1.621140672659163,40
-1.785679354400495,2.740666330193685,40
-2.721603735283861,2.757827471895043,40
0.9962426795478774,1.6793993197019872,40
-1.6647612320846519,2.5910982807225564,40
-0.19803005660574002,0.08501088622152397,40
1.812340362926692,-3.1986072537073347,40
1.3343618460710982,-3.1437711523662517,40
0.3756860847620307,-2.316531145533138,40
2.746805948308679,-2.871224326087167,40
0.08565799146623032,-1.1177245155556348,40
1.096711393339101,-0.4181113513284598,40
0.12678051645676258,-0.256136965635535,40
1.5658279821530363,-2.3518683633485087,40
1.707972417450832,-2.1883460728001065,40
1.5671716962486282,-0.4693812682801184,40
-2.5233990773817734,1.8380244913120531,41
0.7762631741480284,3.5113654819568993,41
-0.8139182985733999,1.4556756484127702,41
-0.1571132825713174,1.5898664067534074,41
-1.836050495439149,2.0738967221416984,41
0.14511349282724928,2.487617477099163,41
-0.1109436706539505,1.3647122827285503,41
-1.2986149917064076,1.0884444690580437,41
-0.6595855393002171,2.018700493324687,41
-1.7878916545799717,1.8186667403758656,41
0.3850686898370035,-0.5249990636450788,41
1.8131749782975994,-0.38532374435672856,41
-1.6346294606977334,-2.783682957791152,41
0.136637487027075,-2.2028257638692175,41
1.5233979575201206,-1.7974876624435914,41
1.3278925655479858,-2.774688888443996,41
1.6413918899969762,-1.621632148283905,41
-0.18046703214704674,-0.0934886782313249,41
-0.022018508112066737,-1.2056214327496166,41
1.7956004725221644,-1.0719143720650974,41
-2.7268654765692464,0.07073310311060199,42
-1.1742898884560289,1.9731443689660575,42
-0.9782353669141811,0.5340468624901387,42
0.05274117818313484,1.4717983781737285,42
-0.9508958625854543,2.1430032080233152,42
-2.7233663624499087,4.709009883062745,42
-1.3315749139908566,1.9319650109089817,42
0.43372992888227335,1.5602410954038861,42
-1.3861886095367246,0.9666225002997826,42
-0.3587293607683314,2.2645551830751898,42
-1.2598274944680004,-3.6190423049857294,42
-1.3982601698435526,-2.0860852010346598,42
2.637356117209066,-2.425617425668814,42
-0.8077524163619811,-1.2237838355159,42
1.1870423088174042,-3.3044532498922177,42
2.3964134996740776,-2.6230714386482443,42
-0.5809310184938763,-2.5045679549205078,42
1.2861661899960894,-1.918013773015154,42
1.5954198913996789,-3.3301389635856107,42
-0.13436750099431838,-1.5368941262240696,42
0.07363526306333112,2.4151490340233916,43
1.9542375370047012,0.9283224198848156,43
-2.170817724781074,2.2666987027396757,43
-2.4638554682451033,1.531866428902374,43
0.49772912069979636,2.571162207116792,43
-2.258832378312928,1.5550410719873116,43
-2.382535201431143,3.386444846779861,43
-1.2617356455167592,1.3102756899928187,43
1.7310625997260844,2.3339107882178554,43
0.2605297704857309,1.6326563703462,43
-0.5184976996637646,-1.1616984651715674,43
0.6723331123175649,-1.789238458569688,43
1.4337710635348624,-2.6022561117786935,43
1.9251224786021628,-2.282931967198589,43
2.3017779355741936,-2.566727902548185,43
1.7533394577287043,-2.307826346951959,43
0.48160232164898353,-0.7329962865486817,43
0.6024688075200455,-2.8294273143395037,43
-0.2281810401671619,-3.401326513793787,43
0.2920280125793603,-2.2419454680397912,43
1.2620048182301493,1.410361205384236,44
0.11596829970794731,2.178600196026661,44
-1.7715863245823404,1.4425749878053609,44
-1.304598161520105,2.151910676551296,44
-0.7091221242742162,0.6986557247222256,44
-0.27012041072734483,1.9844093985478404,44
-0.8328790280499038,0.6864503194174563,44
-0.2666172434531046,2.751172983093229,44
-2.204497577595725,0.6554317178407869,44
-0.6477890736649744,1.5155675773068769,44
-1.5824712270233148,-3.239078873144452,44
-0.26847103834307595,-3.845262158186997,44
0.3141711386571071,-1.09413776587401,44
0.216652247288603,-0.7750082764660944,44
2.259079199402806,-2.9518945110552712,44
1.3396461811373501,-0.6072011234775949,44
1.5603047323125057,-1.0601787198523835,44
1.6876776250944037,-3.899828598524886,44
1.1885651148687448,-2.2721782899947796,44
1.4717215258161,-2.266481815385358,44
-0.14677076251060306,2.743151636651307,45
-0.6326432976883094,1.230351728089318,45
-1.9962791773085242,1.8096116527226251,45
1.4560153709363675,3.271928942616653,45
-2.079443406192785,1.324200714032802,45
-1.108478115012641,-0.2892952472591279,45
0.6992705839758642,1.9626643039741447,45
-0.2168962498862907,0.7514461342594945,45
-1.309864379349405,1.462999991651766,45
-0.41125437025926814,1.589887159478318,45
1.023729862428595,-2.411601109131643,45
-0.31371596025260795,-2.4216973729440743,45
-1.5410233110225489,-3.6619831919983663,45
1.5047976318496246,-1.6598702291523322,45
-0.2970014494632871,-1.061392782189559,45
0.6834219640453536,-1.994706239097166,45
0.8359547804668588,-1.201567082036708,45
-0.07411204418080397,-0.6781715534442536,45
0.10186007521481033,-2.0458886986653515,45
0.1715321087737534,-1.4093798170611354,45
0.9049746272775473,2.6694089311511564,46
-0.9242708977436785,2.565614666939966,46
-1.1450939947347192,0.6618278107077584,46
-0.7982412753315612,1.3017897100829678,46
1.8651163450167534,1.9333576711560425,46
0.9241814824530713,3.0011574891574195,46
-0.48689022025313344,0.808696855996063,46
-2.0036034925793937,1.4382069843300744,46
-0.5741661548714292,2.4498345419725522,46
0.1869506689712197,0.6992920676993559,46
2.3101988314006507,-2.03375063923546,46
0.2714267661421367,-4.156913977645301,46
-0.07644442389611061,-1.748025205225884,46
0.4640774044931325,-0.569258432594208,46
0.8415657806622523,-1.8639630412134212,46
-0.17912543852691387,-3.4936044763277536,46
-1.3580984349681051,-2.1074940032650553,46
0.4378041077569665,-1.8043402195669,46
0.31192750695858795,-1.0368251418901016,46
-0.6173372881629601,-1.0219202333002673,46
-0.8760065605791639,2.4097255774981963,47
0.0022201681687625263,1.8575883083655909,47
0.8609790867154002,2.398464480730065,47
0.21434505177298702,1.7932327733098363,47
-0.488054329323547,1.4003812573847958,47
-2.189706262576903,2.1689627630398265,47
0.36614398735443654,3.755988480615173,47
0.7470179384189536,1.9220961553847227,47
0.42171496244078566,2.0963169972957822,47
0.3742520710520665,8.050409067816844e-06,47
-0.5512277006597476,-3.0519680169243664,47
-0.1396724352923574,-1.5270879710156589,47
-1.0313580181142585,-2.4073330697925375,47
-1.1577785120785906,-1.3781261708891062,47
2.02782664952266,-1.0473785593508163,47
-0.17730442206608577,-2.6337506246969262,47
-1.4752932436326125,-2.94155784569492,47
0.5570585046409497,-0.7592229731591962,47
-0.41572634094899685,0.8405529780419629,47
2.061915198197892,-0.1074892246100263,47
-0.05804181250070434,1.1774931999929223,48
-0.15757964993536597,1.5949778162553394,48
-0.45805232944080576,1.4201058054319322,48
-1.1520071022081524,3.2306920539947495,48
0.8365659281722221,2.4370492152600556,48
-0.7971187905211585,1.8024405735989328,48
0.1093810106899884,3.5149980486822874,48
0.02462303293674062,1.4928767243042254,48
-1.0217414426106912,3.8797432108091243,48
-0.5512305007647527,0.8972766289986973,48
-1.3696354700160729,-1.443824220269757,48
1.8723435455531803,-0.11028411992151965,48
-0.08113127864009634,-1.9101798439410063,48
-0.46462030751870953,-2.1888565015284542,48
1.906402873217485,-2.0572569869461863,48
0.06880307568701169,-3.3464853566567463,48
1.137184127683902,-1.3534298695537035,48
-1.180890284512068,-2.8261639954337725,48
-1.3797356210959668,-2.8635506491947536,48
-0.7739668075027141,-1.565653901506641,48
1.83556338248878,2.5308232435461715,49
1.37205918199063,3.1469470553902408,49
-0.8912647922189316,1.381647248849961,49
-2.2277854951682263,2.5153710111628023,49
-0.20535130443506217,1.6653122530028854,49
0.7691310815424073,2.1263469024911963,49
0.46426893098865485,2.8291387185228585,49
-1.1042773642100951,1.354919789069089,49
0.6943099090337422,2.130605159049875,49
-0.6023422123912707,1.6331847443821927,49
3.2467225397495163,-3.3636474679160697,49
1.0674092014950802,-3.9604342116715756,49
0.9960631226345915,-0.4164931594933192,49
-0.451605068391584,-2.482330844557292,49
0.6286922522710483,-2.346497208130515,49
2.0644637738183906,-1.899668005965722,49
1.3034512990389553,-2.3822975796991006,49
1.5077821137049654,-2.106219965701277,49
0.999743154419075,-1.535460161854104,49
1.2280327901128858,-1.5518334740286397,49
0.9015101782268033,3.128755463918292,50
0.3413356037068525,1.6447776396996003,50
-1.083450677447234,0.9285227835282346,50
-0.39705210124103485,1.4020082435651071,50
-1.0127253521033914,2.30849507736805,50
0.6956667248202111,2.357930201210239,50
-0.13944349403732884,1.3242477551518332,50
1.8247372121385712,2.2563717451342953,50
0.9101778403593445,2.072083783099448,50
-1.9993210063810785,1.9354652126246483,50
-0.9664869735947941,-1.8072212418298501,50
-0.10965077663399511,-1.7420193255107657,50
0.0775030525370197,-0.8428445134415457,50
-0.9780359963032337,-1.1306467599112957,50
-0.7174038950971117,-1.4731205468784307,50
-0.4975233447502716,-1.7656879573983573,50
-0.8371100416937927,-0.8740748610760365,50
-3.034077790109575,-2.2902258314571786,50
-0.8364285072771392,-3.7271483897909228,50
0.9649376177328226,0.5914823991982421,50
-0.7888708569480487,0.5646779479109993,51
1.7253355039128142,3.0834375003182437,51
-0.48631046482032664,1.2855816614992974,51
-0.11640125560967071,0.0810727708072787,51
1.0688917530298154,-0.45773472739190035,51
-0.47511172133534724,1.5974025157065377,51
0.09005642192120028,0.8406754721859178,51
0.9310457324673314,2.700200641971297,51
-0.2655025961741851,1.1014625927082524,51
-0.05759298348133737,3.322038844704314,51
0.13053203308052747,-1.1957491887184024,51
0.009719903778630745,-2.0205533408960195,51
0.080954918135823,-1.0288468231203711,51
0.2196973246390332,-3.673684821581488,51
0.778644495541903,-1.8057145534734163,51
0.737401659503395,-1.8886576626032505,51
-0.8333933906563702,-1.786181764215362,51
1.0588728530538059,-1.8949840871341712,51
-0.28030397345357616,-1.9004995074078188,51
-1.0267130596915373,-2.4806523686673754,51
0.661759207274812,0.9414016672656225,52
-1.2615093937075401,1.312807691691857,52
1.760698430992511,0.42336708142334234,52
-0.8574296110348006,1.763808967154189,52
1.622754831327819,2.6831194672126744,52
0.5644477785785591,1.9527473838291372,52
1.417712956452613,2.0341447713898075,52
-2.6142363410012632,1.157193526951756,52
-1.0060646344681614,1.2113832827566924,52
0.05459250403419699,2.084473561501123,52
-0.9212875300815786,-2.1996802622141276,52
-0.3329943948982119,-3.315686258758063,52
-1.125067227223896,-1.124439281211409,52
-0.5863420176986025,-3.380497560257653,52
-0.3539141001153135,-2.4550149446406815,52
1.2068107486328463,-2.326064210787899,52
0.8661084644506843,-2.125956775039554,52
-1.3485677792495827,-1.9292822175658304,52
-1.1674438240275693,-2.272400484490482,52
2.117866973087901,-0.9328288782705147,52
0.31549973560404315,0.54607672220311,53
0.8114542944691472,2.1372460110513294,53
0.8461159946039901,0.7078383173021987,53
-0.5419426155525456,1.1690731706109494,53
-0.2620915391973443,2.0731371400612946,53
0.6058179383867424,1.1415454885559342,53
-1.115982487979271,1.8187346291046695,53
0.766161596993295,1.0273139490497862,53
1.5053460728353993,1.6861277571411524,53
1.899692440891409,2.462569907061279,53
-1.042564464785428,-0.4582766688947302,53
-1.352097733964581,-2.4128771803523925,53
-1.8233631160253623,-1.673406907942214,53
-1.0504995740831853,-0.14575628550101927,53
-1.3243132890905114,-1.319103270964687,53
-0.022816917967713346,-2.4652826117340414,53
-0.10897905611814829,-0.8861450203607062,53
1.1816628138912364,-1.4129838797063514,53
-0.26753688270346976,-2.999782246725523,53
-0.4597809023239229,-2.506126962860923,53
0.1357685104680046,3.020304220585396,54
1.3002457605328792,2.291693233906519,54
0.8831958794329604,2.3207901109653144,54
0.8531514859558806,1.8818389519650318,54
-1.8939743331681385,0.6798844767162047,54
1.4968211774062485,2.419159305157305,54
1.099076905564198,2.7803632914826166,54
0.786461680153252,1.584418878691143,54
0.8430019026669329,2.477243783472901,54
0.3647649020018957,2.3770359946541166,54
-2.932705909448917,-5.336484024570936,54
-2.515598706775113,-1.6734689997463121,54
-1.458456213599584,-2.969688065263579,54
-0.9218116652846653,-4.15607965138077,54
1.6560808258674733,-1.698948295438543,54
-0.7415255740096395,-1.7446576832875005,54
0.1857244974951281,-1.777637815845835,54
1.2345240691652482,-1.1500271424164148,54
1.4177688673674829,-2.339268629862457,54
-1.2313294911747095,-2.988716961792373,54
0.34718764322769974,3.210386860957418,55
-0.7340724386524057,1.8858410450781051,55
1.9835254628379189,2.0731672448631935,55
0.007445549399705875,1.0370654533162713,55
2.277347724767521,1.4613246664362338,55
0.7487330317229763,2.4848768116551785,55
2.39962033574578,2.6165535116340664,55
0.4467227475805924,2.796797884210421,55
2.7082240652983485,-0.4008374301400406,55
0.02806510501149695,1.65152924367597,55
-1.4424784528970682,-1.3784033219825496,55
-0.20428727170281347,-1.1896680600173555,55
-1.6534389021598779,-0.7939346519098605,55
-1.4149710603846697,-1.9329167471356452,55
0.10636771068744422,-1.6962843306310815,55
-0.8543941977668056,-1.414658944312123,55
-1.2744264018170748,-2.5537366993341237,55
0.32917477521145855,-2.0999541275059004,55
0.6189025144530741,-1.6740414206166536,55
1.5546494662893204,-0.669671207975266,55
0.6562715659130958,0.572481248869968,56
3.1091613752966527,0.40529409554072693,56
3.009994635304838,0.684413023620569,56
0.8172083310622704,2.1882676459651837,56
-0.1237050105191434,2.8506941269218427,56
-0.4625526687713959,1.3365116777334904,56
0.019425299674357133,3.3717395283962173,56
0.41045869441462746,2.500288018962015,56
0.4243238127205591,2.5874431021767186,56
0.9394978278770318,1.279605438583359,56
-1.3724608407851924,-2.8250017636516285,56
-2.987215749228001,-1.5063904432382138,56
-0.6428547010182933,-2.8830248445691593,56
0.2831751362407522,-2.5528587199388584,56
-1.352271067878918,0.7893480520567426,56
-0.5118755188685832,-2.6078702095444566,56
-1.9658475432608333,-1.273643555688086,56
0.612451490892274,-3.2078429564455853,56
-0.2337670684607267,-2.5316540568968007,56
-0.7346772110318597,-2.4279375948477524,56
0.7963158874362866,0.9257747945765684,57
1.497128730190548,1.811740891467451,57
0.5344301741585511,0.6729875098909106,57
1.3725798464461105,3.0837711898256863,57
-1.335565864246294,1.7960690128690695,57
0.9831400317669217,2.703834755287487,57
0.21235695549963485,0.6227901555088102,57
1.0792908974753637,1.453558913611166,57
2.19397001998574,-0.41823735222930947,57
-0.7021654185484075,2.0348754313910877,57
-1.7582185109356803,-2.9961564683845827,57
-1.299816669448348,-2.2910889941942814,57
-1.0728374145314945,-2.02934626199682,57
-0.7165652483838378,-3.704869820309131,57
-1.2824357684395071,-2.973920836108088,57
-0.7179194787389489,-1.7164820438013477,57
0.03386188269997514,-2.8567554781471935,57
-2.425410714321283,-2.242714356991953,57
-0.26209635231599626,-2.733092122122852,57
-2.6890015502209033,-3.0226397595930923,57
0.46012884877545157,-0.11738773250988621,58
0.689485858145695,0.234757369081396,58
-0.27267755742822575,0.8375148348428316,58
2.020842690268252,2.860972037268125,58
1.4559080626296026,2.2072128434381897,58
1.4247041737924993,1.4861881841548619,58
1.634593809829416,0.9712053401143133,58
0.3849859218572441,1.1939017067652506,58
1.8425568715677523,4.443826357282418,58
1.2607366398206683,2.5910132188268458,58
-3.4046089717920807,-3.296650498358985,58
-2.1573700452981317,-4.334672238737788,58
-1.2313127198908425,-1.7226437112852109,58
-1.077667230704255,-0.9681055811482296,58
-1.3620264643128273,-0.8235278203086247,58
-1.1920937616358973,-0.13968998404920718,58
-2.0902152491295727,-0.8009867173696468,58
-0.25212598705132017,-1.6816597572066256,58
-1.05362979594921,-0.9259593017219614,58
-1.3930875671233418,-1.8352083460262971,58
1.4277087460148654,1.2934862854463367,59
0.7417239408481864,2.924592603499285,59
1.7384935768753589,2.5996502834595496,59
2.1260207419285413,1.9923990884189233,59
1.478734764728794,1.6319265340768148,59
1.0935797416608226,0.1401857523460177,59
-0.6695295389842011,0.6962086949668126,59
1.6700560764973722,1.0899178769941933,59
1.4185195969954494,2.249063461199923,59
1.5189073030010678,0.4299594766460224,59
-2.2012386569906006,-1.3856500951039485,59
-1.464925478945882,-2.1292343680700423,59
-0.7507303295753313,-2.089918190334637,59
-0.7685316339006077,-2.6110806317030066,59
-1.0690132826845984,-1.932881349270536,59
-2.448977255557653,-2.3322075454185853,59
-0.781073489879591,-2.526046484468799,59
-1.9244675583454536,-1.6660618974681483,59
-0.2016160422276695,-2.8972962213534377,59
-1.72340337796935,-1.6852422745152171,59
0.7302813630377576,1.5922498762042747,60
-0.7148545946478384,-0.3289553031261381,60
2.886212278102363,0.6231546130568909,60
1.9440810279758463,2.3131559029425977,60
2.4362828555853655,1.6186574523083432,60
1.415347238142504,0.6795690178325677,60
0.761400716907613,0.875808367950001,60
1.2565307620117543,1.2783120021607681,60
-0.26769970747840355,-0.9873106608624025,60
0.9751305052051746,0.36784009547511354,60
1.1973180739553224,1.6268062534708303,60
-1.7166038908049686,0.8822419212118984,60
-1.4296403404294427,-3.039294752370237,60
-1.418011877728112,-1.520786335611323,60
-0.7460747569981742,-0.3802588965845586,60
-1.6539170935575802,-2.8985073635095535,60
-2.1008798812779266,-1.1503135540377647,60
-2.0890402401266126,-1.917976088665297,60
-0.7878881670947482,-1.2644634931356218,60
-1.0923615734151237,-2.7817828020897073,60
2.63418815865504,1.8353547080189816,61
0.6076523850685847,1.5932429753701203,61
1.6032319100768857,-0.632733481859594,61
1.533841968961253,1.0122781709760977,61
1.4142484995070257,1.4903728652058013,61
0.4452002018336295,1.3021099032062922,61
2.2684742566767104,-0.14865892138580894,61
1.543265209834889,1.2125442248440617,61
0.3215393053964112,-0.03973530033257777,61
3.1724438634006944,-0.06069884940665049,61
-0.9096173392548101,-1.6915052961163008,61
-1.2510237358762168,-0.20506105901454696,61
-0.16931197764675532,-2.891864221361044,61
-1.9750851182268423,-2.833781479726376,61
-0.6180695826372071,-0.7057991712732516,61
-2.16655036221094,-0.7026466465627897,61
-2.9736784559750453,-1.2275814171895036,61
-1.213187345029356,-2.4266502133480996,61
-1.7366265074629368,-2.647925288767933,61
-2.2130628214606376,-1.6473913914177747,61
-0.017289806796873197,0.8095162211069455,62
2.0425241429255085,1.12036169939233,62
3.223250099043993,3.459728495290286,62
1.9411528023250002,1.0059995909077666,62
2.6252187957617235,1.983365809812422,62
2.4062772105277226,1.3725899016177552,62
2.4404830255598027,0.2118163314972905,62
3.067895340415021,0.34002486059841,62
1.7126918388011445,0.8082214282719354,62
1.2680493917969438,0.3575402473076179,62
-2.239391236287836,-2.1133032908617646,62
-0.05873050087105813,-1.3369568740268265,62
-1.7612655847859915,-0.09254199879919378,62
-1.33285573102884,-0.7811389956736403,62
0.06265945678016749,-0.5926011866672604,62
-1.517132592814861,-1.9136789293327898,62
-2.8780108580945276,-1.798198305458862,62
-1.9737583641510659,-1.209967755575069,62
0.2252683763983545,-1.7397743152847949,62
-2.38391433323205,-2.4990803328098012,62
0.28059959423453784,1.158570539599227,63
1.9218377210280488,1.4422658204948742,63
0.5268281866617901,1.8185717542279876,63
0.9359555905843265,1.5129465033979563,63
1.6325888014743917,0.8600519568518391,63
0.8326175659899938,0.23813938553871528,63
0.8265462803107037,2.389228530930346,63
1.3819276032777883,0.8803756440560617,63
1.5754105193258456,0.6142644801649847,63
-0.09265395189708237,1.2415022868875898,63
-1.3763395564600034,-2.550047959608081,63
-1.1696213817235082,-1.5576340736054424,63
-1.5279008855593226,-1.2847508302495252,63
-0.6140121886532897,-2.0348478460588977,63
-0.7665911425101599,-1.6975080189990845,63
-0.9605885017900357,-0.993336757246938,63
-2.01379937827119,-0.26756107037891863,63
0.21404535447505557,-2.3901911491705183,63
-0.4836360750015325,-2.1101516307169548,63
-2.3847826846243008,-1.7635691416204897,63
2.5371576983797803,2.4612738751852734,64
1.4305173650097056,0.4267317294563976,64
1.1662041911768732,1.7176756570628864,64
2.680628842495536,0.5981125825555221,64
1.7546713142982386,0.6040342086711322,64
1.4017457948491823,1.3746583138615929,64
1.4550842059354112,1.2291235862512546,64
1.36949914690808,-0.10840720571424489,64
1.8360613479027292,-0.576862664996739,64
2.5825576507667884,-0.6482078508369058,64
-2.303505291511845,-0.5770875049286719,64
-1.3868182059247092,-0.9179023875555039,64
-0.7248232523668748,-0.3032784730821342,64
-2.531045649321225,-1.4817428786304656,64
-1.8556673478361856,-2.321842809479098,64
-1.465992622528452,-2.1044059215765984,64
-0.7671642819916636,1.1615593392225205,64
-1.680826350354068,0.4473536447597699,64
-0.9074280090919074,-0.9619895143942969,64
-2.330107841554201,-0.6821836180619897,64
1.9738819343762926,1.7264775617444803,65
-0.8060847574661725,0.4067839694937596,65
2.492198190456206,-0.03721640285135219,65
1.0910275314126308,-0.9678043152492013,65
0.5070247066543314,1.5444554586507868,65
1.7276702100392223,1.2663862389086413,65
0.8923325047977801,0.9390201807405225,65
1.5260990665094751,-0.026975015411971892,65
1.2267655665300237,1.6075426014286438,65
0.15580182946308074,2.3097863086775,65
-1.6348646893211656,-1.7878764420736792,65
-0.5645582212120774,-3.294454286353088,65
-1.7399615502272021,-1.994554021096971,65
-2.2958762024448625,-2.0887643328888945,65
-1.8998482188637638,-1.926266122089098,65
-2.238365586911211,-0.4603666180219296,65
-2.660428316679717,-1.9011635426440932,65
-0.5997736756432968,-0.5764665684880533,65
-1.5197482973399168,1.002635122764023,65
-0.6672198051551305,-1.766831377856451,65
0.7929143561067349,1.8771606056425747,66
1.0194184021592454,-0.42600842072583833,66
-0.7835314949977517,-0.3743948063662721,66
2.1409851319689674,1.455514635642892,66
2.3429576184441574,1.574338916212184,66
4.113399338646735,1.964496426809836,66
2.0596503301547355,0.4333556112907908,66
0.25707456547788254,0.42893003756750303,66
2.4636810946321153,1.7823879750659226,66
1.4832783493415391,0.5483958053074031,66
-3.4477432125173033,-0.2826615859819842,66
-1.1236001848895287,-0.5710825254767867,66
-1.7830502432697322,-0.05333861995545619,66
-3.2677859076121822,-1.9145160735175817,66
-1.0633924720197392,-0.46867344537139866,66
-1.6930120863392049,-1.8166427117433779,66
-0.09687585574922464,-3.0113091312022844,66
-1.2374630811366156,-0.7533558721135588,66
-3.8616377471351773,-0.9520985083014617,66
-1.7375896685572543,-1.4971696211576555,66
1.3371439825274245,0.847600852059192,67
2.3112974317492907,1.1362353174331272,67
1.1886308891969715,2.6435998200833404,67
1.2645178032967592,1.901020821140138,67
-0.03797432853839067,0.6123531429588072,67
1.034832463424626,-0.6546515202590024,67
2.474891586451689,2.415851779806907,67
-0.2330620345427401,1.9382112766207669,67
2.590128784018475,2.3769380727760137,67
2.2456966381020447,2.1936342841122074,67
-0.8439432510348734,-2.1357752121121387,67
-1.1722494635647616,-1.9320944492540049,67
-1.5912782670070573,-1.5260775531645807,67
-2.1806068189548053,1.3013053072568355,67
-0.08412934399539562,-0.6446671947399792,67
-0.5640108163408448,-2.2881952024007965,67
-1.1319635689546241,-2.475584437500611,67
-1.954108200601244,1.5123325418552829,67
-3.5863722030374,-0.6731877173929135,67
-1.9405880596300318,-0.4655163080582779,67
2.201580935187014,2.1903475105839703,68
1.5277558437449092,0.04156686749840799,68
1.6942332530761444,1.1925385797174963,68
2.875488905969493,2.1153548758238547,68
2.543438878003339,3.3442885002813156,68
1.0129779518786406,0.8278538017945791,68
2.2905339533026057,1.675059482382958,68
1.2234324210644423,1.8442856122599967,68
1.5343290990270937,1.343918151703894,68
2.1828446772802823,1.0444349156235828,68
-1.8260322631003578,-0.594430944146664,68
-2.894009956592027,-2.403198451207586,68
-0.5582788081261445,-0.2134606951633703,68
-1.0465657155419028,-1.4381036942086798,68
-3.0475623020022713,0.20014561745654202,68
-0.7209339784327575,-1.0848623661845664,68
-3.2069893967457856,-0.46456699781116934,68
0.6000528409086967,-0.08902844521604303,68
-2.488960851129867,-0.22312379816847616,68
-1.9560485546403812,-0.19075018569426438,68
0.9177135697473146,0.038566605034161094,69
1.2404850254960211,1.83150671828678,69
2.230418663667183,-0.5838654776598001,69
0.3589525939805889,1.9714109143583425,69
0.732929495816063,1.352937913076659,69
1.7483279553060498,-0.25647893472797756,69
2.572223787912794,0.9293487877498147,69
1.7679370760259305,0.3953823301245262,69
2.722785281459415,0.45861466757787184,69
1.1863837973405218,0.666097333824566,69
-1.7424546345060143,-0.410745234543038,69
-2.6405250739002133,-0.14266054540341055,69
-1.0179746784735415,-0.39070258706818384,69
-1.2661750016280475,-0.21074102460861532,69
-1.654407527972024,-0.42948640769252616,69
-1.7684166385097229,-0.3440433639309671,69
-3.1258315598157473,-0.38989107634508413,69
-0.5681818524538575,-0.4487005590031467,69
-0.5226639579727921,-0.6797033564490238,69
-2.6102242234829487,-0.3180599923037824,69
2.3763306118623384,0.042824702785499325,70
0.05535858827810225,1.182748958397483,70
3.444038770451543,1.2394287294357282,70
1.9171872989769791,0.0763472824930932,70
3.346808792279771,0.2583163496723607,70
1.7154241822178216,0.13869996350074232,70
1.0644952629860613,0.8183686412353818,70
1.0317371170214034,0.51081393144057,70
1.9542905634540115,1.6877171136533442,70
1.8644596384877445,0.8353603810837245,70
-2.795287088857201,0.4740081814282313,70
-1.7243104573727261,0.4948071170705104,70
-1.8440971068700123,-0.3634810805096223,70
-2.560976852171343,-1.6733039275771495,70
-1.8889687791880385,-1.4108605984843563,70
-0.5997555894373057,-2.115493106810993,70
-1.7397978694931007,-2.088552934913544,70
-1.070805794452013,-0.9681249983115667,70
-1.6242466121675085,-1.3084458729971262,70
-3.2651343849406738,-0.5815927564390027,70
0.6507293559876988,-0.6021147065119388,71
2.9160102636935026,0.17637636448962646,71
1.6213682417005757,-0.06686338351842186,71
2.5349987699338863,2.037023696313686,71
1.7875485577381525,-1.2784548755222924,71
2.500839775332386,1.1203211344593658,71
0.9795655307692686,-0.8454156821903867,71
1.7301006649064061,-0.34166145382884267,71
1.6522676640405665,1.8713814952937424,71
1.3566321008386026,1.5500536113565868,71
-1.7099627984202097,-0.1683426731834483,71
0.2528417438208461,-0.708867819465011,71
-0.32093502852417655,-0.43191846146502966,71
-1.1755142657847628,-1.0328108201828177,71
-2.095530948807987,0.17923400112912252,71
-4.060737410043057,-2.194247714224591,71
-2.4090152653426893,-0.7643390781194321,71
-1.2249259427889378,-0.7089253417757675,71
0.3614168465135641,1.5704278544661308,71
-2.7861218595468653,-0.6491791013981119,71
-3.4005294009152935,1.1531829455297589,72
-1.5174415319591135,-1.8149871363523429,72
-3.3078800443424727,-1.2016660664777938,72
-1.8815943525404972,1.945604050454369,72
-2.726857013437207,-1.1233037029123403,72
-3.116389631256865,0.18410940625488864,72
-1.3834139968540193,-1.1237989265031567,72
-3.8656193771889393,0.4738676589027246,72
-1.81450736591311,-0.5092362230856362,72
-3.354889942420219,0.3713318920122303,72
-2.0416377620303305,-0.33373870011456563,72
-1.6882369887515334,-0.8451440894897964,72
-1.1380091285343095,0.1554080117728895,72
-1.9125345055386191,0.08060399051432093,72
-3.0406865238007343,-0.9831761837230482,72
-1.6237913438203684,0.29681261261519715,72
-2.815508876376299,1.060082234394953,72
-0.019856363414361144,0.1811856967060232,72
-2.2256014920377183,0.48242679419242945,72
-1.5459693367626486,0.0678936759576122,72
-0.9685877208893139,-2.483990082950579,73
-2.5786528976519176,-0.3498051393065892,73
-2.6288061309269866,-1.783245847966053,73
-2.049752233269791,-1.0084279458671277,73
-2.846986882939068,-1.710387862742699,73
-2.2534357170161208,0.22168272980673553,73
-2.704712748561635,0.2883597823126452,73
-0.9437580225012738,0.056107623190448264,73
-2.091915132220129,-0.5620499143151366,73
-2.177594378724932,-3.138357427835638,73
-1.8888719936323217,0.8159824095123287,73
-1.5883470739494372,0.09128094056346131,73
-1.9864598127434667,-0.45814465430522755,73
-1.5395449100951257,0.5497385402002732,73
-0.825824457176249,0.8689483191722083,73
-2.0800448567308143,0.37743915514942633,73
-0.7713878751255359,0.4247619226685129,73
-3.7724363822466636,-0.885940636426451,73
-2.6798838831473812,2.241037815830764,73
-2.2012828215546425,-1.2798470710465963,73
-3.0275252885893256,-0.18367102065911683,74
-1.6399840654853048,-0.1395680775155377,74
-1.0419471082418297,-0.0057794892858506475,74
-1.0291936021561465,-0.4058101280064433,74
-1.2194619278902823,-0.3087665445019978,74
-2.5181369463255874,-1.7848200206245943,74
0.7223951525809684,0.7292476874457934,74
-2.469333446357985,0.5297638061986781,74
-2.512045452033836,1.2058124429340902,74
-1.6726590385218791,0.44625672351293477,74
-1.914606896168766,-0.7233351245002927,74
-1.3376985044074672,0.7918120939898947,74
-0.837929615146279,0.5797707625203439,74
-1.649173815150452,-0.31701219807014164,74
-2.7219087473950943,-2.9776252067937232,74
-1.764380599501378,0.11025235199975827,74
-3.3753570599360234,-0.04672378761192017,74
-2.6520439793581323,0.14060408291148152,74
-1.4035028956642495,0.06262455851937579,74
-1.349499089410334,1.770387460542734,74
-2.4214634718597945,-0.323129707054752,75
-2.9986682691950213,-0.23353531486650478,75
-1.7395778625421294,-0.04107509538252634,75
-1.293380933570539,0.3496757864020861,75
-2.137691415462122,0.32009245395407687,75
-2.8895129194986944,0.6957195064270408,75
-1.2100267892128307,-0.8680163366810865,75
-0.2845191620387142,0.18395686267243738,75
-3.253138522926604,0.6889910100865916,75
-2.313150012569369,1.2920981938286689,75
-3.2445925620309275,-0.6379377747881416,75
-2.15002267288356,-1.4390270346943115,75
-1.1142395297574264,1.4256637180909195,75
-0.6842888014564006,-0.5610798338146376,75
-1.596173891342437,1.2912350678894022,75
-0.7230598595067574,-0.11309259105245643,75
-0.7493963639733334,-1.1603834095830463,75
-1.5754276116068275,0.7348037044200594,75
-2.6176358752341757,-0.7434017113712317,75
-3.416188836610151,-1.176404898703362,75
-4.637700252443564,-0.5398864269019064,76
-0.7346295672212064,1.471556127199941,76
-2.0805961559375925,1.327311543851435,76
-3.2398182153546404,1.026483660121925,76
-1.4233959980832442,-0.4577218016357965,76
-1.5247456993201338,-1.0650872706183105,76
-2.0169031157256136,0.2276555968345069,76
-2.3479674889501103,0.20252164601169742,76
-2.055423996790225,1.2703621585383718,76
-0.2510384811748261,0.4907283434650065,76
-2.6373814497021106,0.3408477137054089,76
-1.6811618974872935,0.3109536376991823,76
0.3079846003956703,0.659819737947317,76
0.45909977193801943,0.8636071361632212,76
-0.03871753080852014,0.8046387781220683,76
-3.123999447142772,0.0620003933791428,76
-2.869987336070119,-1.1970590923165725,76
-2.822214319598453,-0.6728530664525643,76
-0.6309914626790161,0.7581135761667712,76
-2.313004883454443,-1.1645290054038693,76
-1.8356673500339438,-1.1346471773338496,77
-1.9283744915737704,0.5084401402862817,77
0.03481862157726057,1.1515431171639607,77
-0.951507972617538,-1.23169008722728,77
-3.0562366452013467,0.8168148046034243,77
-1.9169044245031295,0.5634683636865057,77
-2.6642125575039537,1.4919524896199787,77
-0.6844564885676101,0.4784403509811024,77
-2.318463085177244,-0.5460358859391625,77
-2.5324455092869096,1.5000905218815705,77
-2.348688316999703,0.349414936693727,77
-2.7355495763458397,-0.5341919487523215,77
-0.5506921223015757,0.7247718493965573,77
-3.606282471504769,-0.440374586435579,77
-2.5401096216366454,0.24862170932189184,77
-3.630410415237866,0.20390270756139503,77
-2.4331183649089505,1.798349389443059,77
-0.8440910452162782,0.19822453923498812,77
-2.239396320084196,-0.3740029677643057,77
-3.6991707095699358,-0.16016115987200263,77
-2.959199889619276,1.0570673309571945,78
-2.6417233618438685,1.187255377142967,78
-0.2494661742434059,0.9536534925734805,78
-2.9410202520359188,0.5104811858357627,78
-2.38517563277481,0.3353819363903867,78
-1.8677308680034972,-0.2694950247311622,78
-2.3846195096366336,1.3287965353543878,78
-2.0881236881379075,1.9395593618383062,78
-1.863784501659323,0.7000937492270456,78
-1.186127057605617,-0.6933348806998907,78
-1.604752400469417,2.264320409304649,78
-0.521274989104564,0.4385224258142914,78
-2.810161292857761,-0.9420352843763293,78
-1.1987534811434388,-0.5724942384976777,78
-1.0782127508697674,1.4608569043844712,78
-3.486904370714175,1.289923661177769,78
-0.9496445984888189,1.235274539903729,78
-1.7895390752995863,1.1795701908192675,78
-2.290584882722649,0.8047534355461788,78
-4.150973801164619,-0.8741851668145804,78
-0.8252698930412949,1.629843700097356,79
-2.95012555255969,0.6072845128519696,79
-1.609100388240756,1.1606605697002148,79
0.7624932493827044,-0.3288999451287109,79
-2.6476986195263175,-1.631548811970157,79
-0.9190213462900789,0.6812104390533963,79
-1.426574331405687,0.3051328018146039,79
-2.0379403766161466,0.2391837741020053,79
-0.9303666325115365,2.674890413027457,79
-0.8824984068573913,0.836632104490239,79
-2.425681325985016,0.24872126539446743,79
-1.8732868565626681,1.000805811887949,79
-0.9545696440691012,1.396674603265521,79
-1.4930589727428074,0.35149968986551444,79
-2.219841845711386,1.594178593106047,79
-3.003119393004914,0.1713546198970839,79
-3.2251015601553834,1.8043557008364348,79
-1.7287392671250859,-0.1290513538702951,79
-2.1072369788802456,1.6198387432416916,79
-2.7729929964055637,1.4130798885273341,79
-2.818674927251463,-0.2737831365201657,80
-1.8867734176425763,1.15648288594852,80
-1.6414068918601303,0.6036714595671948,80
-0.6147304926315951,0.8317272958587411,80
-0.999553864769792,-0.5194731476554615,80
-2.629155251587953,1.6640359151618465,80
-1.062036977841386,-0.14304711875665688,80
-2.0847273781961997,1.7163853506627935,80
-0.3083830276380466,0.968258854585315,80
-1.1060958215375887,1.365422278645379,80
-0.3070779263374286,1.7605908601350162,80
-1.0389209388538487,2.271187057820459,80
-3.216684205818774,1.3195159189362053,80
-3.796384040437396,3.431286492323689,80
-1.571062340265776,1.4443695841286712,80
-2.7964069830366514,2.7613433363958957,80
-0.16287686981579386,-0.5758309747459067,80
-1.5610849740988044,-0.5457141882108338,80
-2.264635522348498,1.8866369387150896,80
-2.1826334001914725,-0.9587593096101485,80
-1.9488298518006206,0.06823442076317776,81
-1.4245424888226343,1.4007756464921706,81
-2.7623372693451693,2.9342677674693527,81
-0.7805006380460717,-0.2972599607190599,81
-1.3529889435875453,0.4273369484063958,81
-0.2572503732290823,0.19675692408322798,81
-2.1983613058520226,0.40638573922633353,81
-3.0433929152667387,0.02897799671211887,81
-2.295533665061003,1.2790589892066935,81
-2.2805180137672876,1.1904700959715822,81
-2.2652379700886054,1.0980245635517842,81
-2.3494354566556623,1.5877038836988149,81
-0.37383799963268816,0.5028062481405962,81
-1.7634464516019344,2.28416446666164,81
-2.5305805465431064,0.0015583428850782788,81
-1.3974016116168206,2.3241613315611147,81
-2.0363429022708286,-0.251115257607211,81
-2.25794981626921,1.2560816723907449,81
-1.4629720710271907,0.4874233388050255,81
-1.9826237780624043,0.03741339773754282,81
-0.018005310115150497,1.0491814247975222,82
-2.350488142370256,0.950769475663524,82
-2.561777286800367,1.0606846111579884,82
-0.8983713972856543,1.2463534123219409,82
-1.57982988084102,0.4248949233121534,82
-3.351183089915588,1.8355435902322637,82
-2.365563734888676,1.1443535485838459,82
0.06876429504805914,1.2619144471411365,82
-1.7645808261388871,0.4874120888794285,82
-0.8776815487523777,-0.38136025872385915,82
-0.23202895207864427,1.428153028970931,82
-1.4492664109289688,1.41127898468182,82
-1.5852490475805077,-0.21093649788528124,82
-0.6649788394364422,0.26916994864666655,82
-3.266501960450004,0.36522911134761604,82
-2.3498914270414573,-0.06692889342000219,82
-2.0403783635330974,0.5284281283699086,82
-1.5480854275198892,0.957872542156592,82
-0.5513086832872223,0.7737917390410385,82
-1.3377478846003623,1.6820274428083426,82
-2.919505401716988,2.6325431570378166,83
-2.829354106565013,0.10465733326597881,83
-1.1501511503688886,1.5384595913865644,83
-0.9784016846855406,-1.2115656509696437,83
-0.4398998642384222,0.47125771934718547,83
-2.4797552003594414,3.359659209875854,83
-1.7851064860258692,-0.06571237025772947,83
-1.0978167176693443,0.6317888627086704,83
-1.93635223867977,1.40917315551127,83
-2.0861233955950325,0.8076497062083396,83
-2.262884106755844,0.4300797360545846,83
0.3266365151735433,1.3142815634803102,83
-0.7485609655992733,0.44734485064167007,83
-0.9962901107986001,1.7278880139652903,83
-0.4755708533995986,1.287289363631223,83
-1.80801678883888,-0.5223699534905996,83
-2.7588764230129454,1.7583344925965017,83
-4.166535291446673,0.2486653645528656,83
-1.3395408440879928,0.31438360886981,83
0.07417806539600869,1.7691348251126358,83
-1.3993246421604044,2.1597518953060177,84
-2.0933440339022145,1.7205763124845364,84
-2.574364937835395,-1.26368623239713,84
-1.514109443902211,0.764761265868341,84
-1.5375359926791579,-0.08713894943483336,84
-1.162744992271954,0.8504798071301941,84
-0.3500412670425399,2.2370619214909415,84
-1.4222748441079167,0.7843682318883077,84
-0.6860695820589355,1.0605285023824005,84
-1.9598693657091184,1.2686603676267876,84
-1.7588497249113861,-0.49311974845352324,84
-1.4791618774226782,0.7276108098162433,84
-0.6713931436783933,0.731615992471228,84
-0.7630753673542277,0.41971375196584526,84
-2.892743315785344,1.6621665316419754,84
-2.7917775515754357,1.5462325337564164,84
-2.2716671032606057,1.539797857807748,84
-1.6367352454992679,0.17938730094571775,84
-1.8645695173795496,1.0349594961441957,84
-0.8290897713366647,0.3584429975304867,84
-0.012163535368043599,1.576565108192412,85
-0.2542887027258218,-0.16937225159024183,85
-1.458872926737684,1.0406112011042759,85
-2.1795881557421986,0.5330639244274611,85
-1.070520672622929,1.9071896318376647,85
-2.9396838901486877,0.682040311501188,85
-1.8963901104559837,2.2386989709141076,85
0.3930855156621229,-0.12807691942266186,85
-2.2340688553007184,0.563825700437356,85
-0.9113267187820838,1.4591398176039858,85
-2.706773710455365,1.8770300674652893,85
-1.2803807679889514,3.2233038666268996,85
-0.24870256192122042,1.6942379867065276,85
-1.8788500507144001,-0.47856642700581653,85
-2.4556884044404743,1.465166877288966,85
-2.267135470358144,1.274336775808937,85
-1.2239502118853736,1.9594088225164146,85
-3.170910790088371,1.9688844198302218,85
-0.16627951014303832,1.2737921134022705,85
-3.1631595325851807,0.7874776213468195,85
-1.750011154998206,1.4801033073431629,86
-2.2320544223120766,0.5662203199454776,86
-0.5395761375530737,-1.5520036964924517,86
0.12384097863884991,-0.10665860204576894,86
-0.7388959955368426,2.898358700683688,86
-1.0105458658277355,2.4011181939298685,86
-0.423019109338437,0.4162767968129696,86
-2.91453137578286,2.1037590861331164,86
0.5880370868970579,1.453148257542501,86
-4.098216183225606,1.542707393743547,86
-2.5353352413601193,2.104509874023941,86
-1.3185560077035332,-0.48165151195050604,86
-2.4794649692561603,3.152469561494688,86
-0.5235188987571222,3.6515025395643583,86
-1.6330580616357713,1.925065283590754,86
-0.7689244141910658,1.1412096387766106,86
-2.383241567475,1.710012602319206,86
-1.4964379148163824,2.792352083964297,86
-1.2733666294155215,0.67984085366545,86
-0.45186043806250864,2.033747100239699,86
0.11584328296688051,0.8275820829538629,87
-3.933572961297472,1.4704345407465678,87
-1.6369234043957674,1.552507869038485,87
-1.4752614607760843,2.2467083418157046,87
-1.3837941697721226,0.5844320666703209,87
-3.1990110824433753,-0.8592930672532051,87
-1.9472711870206763,3.7305542789095023,87
-2.559647513720636,-0.062259508633130345,87
-1.6976049748609259,1.3512661964215837,87
-0.7003567573932107,1.356473525758613,87
-2.357327802708256,0.20849526760765502,87
0.0650356067856781,2.270980573262733,87
-2.1178630591161363,3.9576373488890093,87
-3.900671827926317,1.214018244633426,87
-1.8249197926374614,2.1335244310324075,87
-1.105399216443942,-0.5244039795976958,87
-1.0480411465904296,0.5099322387422296,87
-1.591017979347196,-0.6601590064744023,87
-0.4802314857110245,-0.20651152193446576,87
-2.4648413381044394,1.4156619393616845,87
-2.7009395529090554,0.8894812775956861,88
-0.37721185578811833,2.1989566850913698,88
-2.0789940575009673,1.3126562970578735,88
-0.4002795171821788,-0.286412995373335,88
-1.267437106060829,0.6728876590020872,88
-2.6404225855913666,-0.2248515667387867,88
-2.4511043795856997,0.4665020443764537,88
-1.7569892436615318,2.5056110293661513,88
-1.5674157200254681,1.0149687767938163,88
-1.7863707107438314,1.1956308479196536,88
-1.248720808512702,2.047445616529654,88
-2.365515768863609,0.5110898369264752,88
-2.839656946867813,1.9447995855732152,88
-1.0588458639470844,1.2195660935768624,88
-3.7753298857304856,2.3284437551486343,88
-0.15056719277245478,-0.25036255681500386,88
-1.8963985055201267,0.6234223016278377,88
-1.1838901707494554,1.7752181781608996,88
-1.8445602867579685,0.3530239949071503,88
-2.453408626668316,1.9675094973952199,88
-0.9891475161189218,0.5740746252758507,89
0.35261755747578527,0.462084553723517,89
-2.2543610905275164,0.09447456628779527,89
-1.6445266256923323,0.5596314897245804,89
-0.9936300428534866,1.369240664019925,89
-1.1721717318467952,-0.6420583465653766,89
-3.0493156687759213,1.5919764647067354,89
-0.9304900202421675,2.0171600266376415,89
1.8058494838962915,2.3104594577299347,89
-2.0101460716028443,3.3877245460872993,89
-1.8272635964034938,1.6911309702663684,89
0.4965126620820963,2.107323837262426,89
-1.9406795444500373,-0.9912447527091104,89
-1.358741425005972,0.3767327798706508,89
-0.9140805214574724,3.0133392383294906,89
0.6040289447362848,2.4214720676652415,89
-0.9203304559461003,0.9424013686123429,89
-0.4084510891163514,1.2818938114682177,89
-1.35560333281133,1.3467756227192678,89
-0.4776857285624784,2.462373393508976,89
-0.38618001693939175,0.16477276989420964,90
-0.9597713114367417,2.1920053477350017,90
-0.8710383237326085,2.1721255826203745,90
-1.1373405732199247,0.7175200453464727,90
-1.6362150214378521,2.656709253977901,90
-1.7445435275767953,0.6394118175924065,90
-2.546757920972113,2.2057169612505483,90
-0.02457098845989303,1.498489969180028,90
-1.5966350102137132,2.015151063117619,90
-0.9945395749173829,0.09700563293386222,90
-0.5401683991580363,0.31036862662947473,90
-0.8742716969075027,2.116889575673371,90
-1.2481205526507126,1.3670315378139386,90
-0.9782445676373913,-0.2869783083588564,90
-1.5211424418662929,0.2789744043032534,90
-2.0604278076942952,1.4078785463484538,90
-2.2415079119265995,1.6782861135519518,90
-0.3948015721773094,1.0975858606575994,90
-0.9475817799150319,3.386461896514325,90
-0.46452959139287386,0.6181685888973355,90
-0.15869671786882178,2.568786878840706,91
-1.0226183804202464,-0.4450731898159175,91
-2.552371170655751,0.8432657819940436,91
-1.7779375389318541,-0.19240757019915966,91
0.4707747180513815,1.0589153494260888,91
-0.321837606864781,1.759933054227966,91
-2.013504209955241,2.845278966705865,91
-1.0202993876295248,2.7091616897957103,91
-1.389563607440401,-0.2811114101997021,91
-1.1249032962104817,0.02314118912084928,91
-1.196834549411442,2.9486348257249526,91
-0.6483073948127179,1.8835229250703547,91
-0.13691766148995677,0.9631330100298213,91
-0.7914588778478241,2.0257865654017864,91
-1.8456813088833108,0.9466881673367402,91
-0.8307618096573237,3.2263255332165643,91
-2.324602525069487,0.4624575914921787,91
-2.138706300617734,1.2569203891145482,91
-2.8447428394055203,1.8802563512743258,91
-2.2317613168297514,-0.17022683334234867,91
-1.2971616782726831,2.548940735916835,92
-1.129355461150181,0.7926250749785522,92
-0.7168785578891724,2.47457347621578,92
-0.04700333765978726,0.8621936519142628,92
-0.9757391356418753,1.7981382817929095,92
-0.02798362663493248,2.3686508656206753,92
0.18478752606935855,2.193662861725184,92
-1.7682913659555552,1.6097625505981186,92
-2.403094156587019,3.981553834506239,92
-0.8766009120385237,1.0960143492501548,92
0.5146884919711918,1.1228646499920056,92
-1.8808814185550422,1.3327375201289002,92
-1.0667505732454627,0.9064484745368233,92
-0.7347095573106374,2.4074540181451587,92
-0.2793065543051483,1.2872632334113798,92
-0.6762589406287906,1.7645961485510102,92
0.2583508544485078,2.6557736725208057,92
-1.3896906634957047,1.1371978356093726,92
-0.6244714465074486,2.0556346619503554,92
-0.2555673378429796,2.003612416955508,92
-1.3495662725311173,3.5140247344281175,93
-1.536741907990266,-0.7252759724466848,93
-2.253169084115283,2.3493028986754165,93
1.4633592744940045,2.06008596199994,93
-1.0783640970150783,1.8440387910604132,93
-1.308372714128724,3.059024036901201,93
0.16321975857694881,2.4496063523072786,93
-2.0881763138512985,1.0352937044133754,93
-0.846128598409496,1.1009571008703487,93
-0.47135889514272883,1.0202058205338174,93
-0.9307497473047441,2.9204980138245715,93
-1.627840252181586,1.8123317739668787,93
0.32731550799224074,2.384238479760946,93
-1.4722852734047591,0.4487054471098988,93
-0.2622401191832624,2.2018867092383947,93
-1.409208595546102,1.0056752569901337,93
-1.505871014452484,-0.4283956831440663,93
-0.9114251604754736,1.6240152221787099,93
-0.22354146621809134,4.116453057537694,93
0.32761703567533407,2.780123209196685,93
-0.3143890334513723,-0.34705460843149916,94
0.12433903004861313,1.0432519242815914,94
-1.4803758441505048,1.100378815647112,94
-0.030992781721016716,1.3071957822456208,94
-1.9482427369100612,4.105913791188648,94
-0.7759566231591944,3.2557373212903764,94
0.6127221270500418,1.5503229716791738,94
-1.034944513021738,0.22330532122163982,94
-1.6073386790459372,2.065298420223902,94
-0.5341102160986797,3.485902482986633,94
0.45278795820398154,3.416649633102534,94
-0.3108509126003775,1.9138679755935748,94
-2.4347778162524563,2.8379830709222467,94
-0.540913042682774,2.209280066311031,94
1.5285659904125677,1.6876293374298905,94
-2.3627419480990097,0.1629649034018923,94
-1.656892496775531,1.9131312242723468,94
-1.1427693115371078,3.1431482950425025,94
-0.937271868247652,2.284401852196509,94
-0.77891700736171,2.375616144470134,94
-2.211651275335941,4.6924507487352205,95
-0.2546070769085437,1.8074458364440413,95
0.13433986631968076,2.493313223769433,95
-0.31091853513783924,3.0304436172332583,95
-0.3064023106791616,1.5349242547349586,95
1.050628190249083,0.25020858885667074,95
-2.0470548972941933,0.7891906627573424,95
-1.3374920306328726,2.235738512623856,95
0.043045098122982295,2.734962787961833,95
-0.446067664302188,1.588984682892388,95
1.317381673189207,3.0216160872045497,95
-1.0263056538453537,2.3500535962366476,95
0.33754766353435395,0.6546096768369365,95
-0.2736857520498855,1.1572939104521205,95
0.6851039687933322,1.4832302085366125,95
-0.3748074656009884,2.769087521922349,95
-0.055101742829438805,1.7130913847447906,95
-1.8359405126969846,1.737917471773242,95
0.9700557616268206,3.220941280661111,95
-0.7821773109450262,3.1195557405198953,95
-0.9423696704274303,0.5504254626654406,96
-1.2537027267663996,3.0779507896561835,96
-3.4201836297964325,3.1849323715066213,96
-1.0857570420243066,3.6682764878260263,96
-2.6633452510337707,-1.0341482258006807,96
-1.456163631824499,1.294193917405047,96
-1.284680261548065,1.490159667700812,96
-0.89982525657333,2.617105017210587,96
-1.1771283079196304,2.3588590561682827,96
-0.48067737754529904,3.3802998675018143,96
-0.22114941929843257,3.647638583167787,96
1.636940821985071,0.9174527802952261,96
-1.77923695909118,3.0891129420761105,96
-0.651996462577918,1.5157018430850857,96
-1.2131743910507147,2.973041041931202,96
-0.847359273484235,2.273069961306776,96
0.6321716714777377,2.660615727342846,96
-0.6432951215308713,2.2204508260834817,96
-0.4654802873039867,1.610629628986395,96
-1.6828811215216786,2.2263359706212293,96
-1.7380107325750502,2.8197564155062946,97
-0.507928573095832,1.3827508151775594,97
-1.279646030246833,0.7724750585221167,97
-1.2564701844919342,1.6301662581589107,97
-0.2856696983033178,2.3177723146032245,97
-1.2541548753520082,1.8755429106273347,97
-1.0665563608688249,2.712525031237383,97
0.49270809665959364,3.390119910955076,97
-1.0763248539544366,1.4510330273345688,97
-1.9594453921433757,1.2286059589669052,97
-0.9321483765993939,1.2452673958109943,97
1.7759805503576678,4.006027891598213,97
-1.793309804869414,2.915263990347084,97
-0.3250288079898447,0.9177542190419652,97
-0.43399984401536756,2.1121386478938207,97
-0.9185841115383886,0.9507213577220581,97
-2.2992966487180255,0.9414865186073855,97
-0.021152203566338734,1.566609735538482,97
-1.3871151582072327,1.033877377684444,97
-0.09738672025406525,5.180520920158126,97
-1.9417892054879309,0.8152704886339026,98
-1.5169944119471275,1.0438074443824124,98
1.446732109764776,2.8631786969305804,98
-1.6550634713150296,1.894041071767312,98
-0.44527646617074024,4.459511422457846,98
0.376629979664547,1.21079051118899,98
1.1586763588694926,0.8408595761076298,98
-0.9798655054904679,2.9328923527582234,98
-0.9634307690933914,2.1349118736988073,98
-0.49965240103923847,2.469590242470691,98
-0.3956904620544899,2.1804119817746774,98
0.9330795032614638,1.7051737176645654,98
-0.01766239487381152,2.091749783843536,98
-0.12772349208277917,1.9856033885223037,98
-1.4128090259143473,1.0798611085591783,98
0.4314177860647344,2.4372639215159126,98
-0.16176664254989298,3.0504370407362957,98
-1.6667460694028515,2.2296560402067787,98
-1.5522668548542378,1.511832137722689,98
-1.800476216139598,3.174714547264464,98
-2.0064665851794006,0.6238421420579334,99
-1.5311249673156107,2.5754367774614795,99
-2.723222663980531,0.9897765452281209,99
-1.4003407818392761,2.7924860524142217,99
-0.5549103412822896,1.954305221502502,99
-0.8746923342409945,1.7964300281067218,99
0.8275073795995675,1.5512357411554452,99
-0.03188296234319142,2.0711685339864294,99
-0.33389159727821166,1.3841489952228399,99
-1.1496412115385577,1.8133184033945073,99
0.42552771697060854,0.8254341698025847,99
1.018698578855599,0.1758799716974353,99
0.9958922308008564,3.130449689391918,99
-0.9743299679917372,2.780303406071255,99
0.007704315310667786,1.5171579379543332,99
-0.14409457384434257,2.0705379692642034,99
-1.507287043031317,4.051428402275866,99
-0.8995538054018948,-0.1742825281036735,99
-1.2362954189729993,0.2903459526698806,99
-1.9961839752886226,2.932025438315482,99
